{
  "content": [
    {
      "items": [
        {
          "class": "checkbox",
          "name": "run_text_use",
          "label": "Включить бегущую строку?",
          "value": null,
          "type": "checkbox"
        },
        {
          "class": "checkbox",
          "name": "run_text_index_use",
          "label": "Бегущая строка только на главной странице? Иначе на всех",
          "help":"Настройка действительна, если виджет находится в шапке или футере",
          "value": null,
          "type": "checkbox"
        }
      ]
    }
  ],
  "design": [
      {
      "type": "group",
      "name": "дизайн строки",
      "items": [
        {
          "name":"run-color_text",
          "label":"Цвет текста",
          "value":"#ffffff",
          "help":"",
          "type":"color",
          "clearable": true
        },
        {
          "name":"run-backgroundcolor_text",
          "label":"Цвет фона текста",
          "value":"#ffffff",
          "help":"",
          "type":"color",
          "clearable": true
        },
        {
          "name":"run-backgroundcolor_wrap",
          "label":"Цвет фона поля",
          "value":"#ffffff",
          "help":"",
          "type":"color",
          "clearable": true
        },
        {
          "class": "range",
          "name": "run-font-size",
          "min": 1,
          "max": 56,
          "step": 1,
          "label": "Размер шрифта",
          "type": "number",
          "with_btns": true,
          "unit": "px"
        },
        {
          "class": "range",
          "name": "run-time",
          "min": 5,
          "max": 180,
          "step": 1,
          "label": "Время прокрутки строки",
          "help":" За сколько секунд отобразится анимация. Чем меньше времени, тем быстрей",
          "type": "number",
          "with_btns": true,
          "unit": "s"
        }
      ]
    },
    {
      "type": "group",
      "name": "{{ messages.background }}",
      "items": [
        {
          "name": "bg",
          "label": "{{ messages.widget_background_color }}",
          "value": "",
          "type": "color",
          "clearable": true
        },
        {
          "class": "checkbox",
          "name": "layout-wide-bg",
          "label": "{{ messages.wide_background }}",
          "value": null,
          "type": "checkbox"
        }
      ]
    },
    {
      "type": "group",
      "name": "{{ messages.indentation }}",
      "items": [
        {
          "class": "range",
          "name": "layout-pt",
          "min": 0,
          "max": 10,
          "step": 0.5,
          "label": "{{ messages.padding_top }}",
          "type": "number",
          "with_btns": true,
          "unit": "vw"
        },
        {
          "class": "range",
          "name": "layout-pb",
          "min": 0,
          "max": 10,
          "step": 0.5,
          "label": "{{ messages.padding_bottom }}",
          "type": "number",
          "with_btns": true,
          "unit": "vw"
        }
      ]
    },
    {
      "type": "group",
      "name": "{{ messages.content }}",
      "items": [
        {
          "class": "number",
          "name": "layout-content-max-width",
          "min": 750,
          "max": 2000,
          "label": "{{ messages.content_max_width }}",
          "type": "number",
          "unit": "px"
        },
        {
          "class": "checkbox",
          "name": "layout-wide-content",
          "label": "{{ messages.wide_content }}",
          "value": null,
          "type": "checkbox"
        },
        {
          "class": "checkbox",
          "name": "layout-edge",
          "label": "{{ messages.remove_padding_at_edges }}",
          "value": null,
          "type": "checkbox"
        }
      ]
    },
    {
      "type": "group",
      "name": "{{ messages.adaptive }}",
      "items": [
        {
          "class": "checkbox",
          "name": "hide-desktop",
          "label": "{{ messages.hide_desktop }}",
          "value": null,
          "type": "checkbox"
        },
        {
          "class": "checkbox",
          "name": "hide-mobile",
          "label": "{{ messages.hide_mobile }}",
          "value": null,
          "type": "checkbox"
        }
      ]
    }
  ]
}
